draw,arm,gas_sigma,co2_sigma,gas_shift,co2_shift,mean_spread,separated_pct
1,ntc,2.197113,-0.114972,20.088577,-0.867153,19.985011,47.222222
2,ntc,-1.736009,-0.193904,-15.872620,-1.462481,15.301752,66.666667
3,ntc,-0.264830,-1.496459,-2.421383,-11.286751,13.336275,57.638889
4,ntc,1.007578,-1.010333,9.212452,-7.620239,16.267520,49.652778
5,ntc,1.048992,1.827961,9.591113,13.787036,21.896236,56.250000
6,ntc,0.137185,0.765495,1.254307,5.773599,18.439813,59.375000
7,ntc,0.180876,-1.178794,1.653784,-8.890823,14.650666,53.819444
8,ntc,-0.726146,-0.936657,-6.639270,-7.064553,14.122158,62.847222
9,ntc,0.031736,0.328496,0.290167,2.477615,17.417879,59.027778
10,ntc,-0.146882,1.714839,-1.342964,12.933833,20.128648,63.541667
11,ntc,0.340603,0.364038,3.114187,2.745684,17.906250,57.291667
12,ntc,0.281521,-0.432807,2.573990,-3.264358,16.252423,55.208333
13,ntc,-1.104597,-0.833954,-10.099512,-6.289933,14.248546,64.583333
14,ntc,0.538449,-0.060128,4.923133,-0.453506,17.403035,53.819444
15,ntc,-0.668212,-0.770415,-6.109576,-5.810702,14.480045,62.847222
16,ntc,1.197022,-0.727034,10.944571,-5.483507,17.113506,50.000000
17,ntc,0.238674,0.350753,2.182239,2.645486,17.718528,57.291667
18,ntc,-2.083870,0.171015,-19.053177,1.289849,15.772093,68.750000
19,ntc,-0.569262,0.276542,-5.204858,2.085761,16.659220,64.583333
20,ntc,-1.368704,0.548568,-12.514294,4.137464,17.044810,65.972222
21,ntc,-0.826108,-2.747357,-7.553241,-20.721402,10.482853,59.375000
22,ntc,0.361224,0.113311,3.302732,0.854625,17.431340,56.944444
23,ntc,-2.034675,-0.688846,-18.603378,-5.195487,14.037795,67.013889
24,ntc,-0.450022,-1.526510,-4.114629,-11.513400,13.142801,59.027778
25,ntc,1.134207,1.735230,10.370242,13.087630,21.821023,54.166667
26,ntc,0.742427,1.239212,6.788137,9.346515,20.281899,56.597222
27,ntc,-1.609917,-0.611588,-14.719742,-4.612785,14.497903,65.625000
28,ntc,-1.502852,-0.664543,-13.740825,-5.012187,14.452633,65.625000
29,ntc,-0.041075,0.404953,-0.375554,3.054279,17.446657,60.069444
30,ntc,-2.420971,-1.215444,-22.135342,-9.167248,12.287431,67.708333
31,ntc,-1.136930,-0.693633,-10.395139,-5.231589,14.537650,64.583333
32,ntc,-1.005003,-0.270930,-9.188914,-2.043434,15.405436,64.583333
33,ntc,1.275404,1.810060,11.661228,13.652019,22.188068,53.472222
34,ntc,0.781727,0.758113,7.147457,5.717916,19.388776,54.513889
35,ntc,-0.089200,2.308047,-0.815569,17.407988,21.442247,63.541667
36,ntc,-0.744382,-1.086713,-6.806013,-8.196316,13.797890,62.847222
37,ntc,0.987486,-0.067784,9.028755,-0.511248,18.068756,51.736111
38,ntc,-0.121814,0.557868,-1.113767,4.207608,17.673031,61.805556
39,ntc,-0.297779,-0.250337,-2.722643,-1.888116,15.787033,61.458333
40,ntc,0.580996,0.974336,5.312140,7.348739,19.495379,56.944444
41,ntc,-0.158012,-0.715770,-1.444732,-5.398553,15.030810,58.680556
42,ntc,-1.443540,-1.096104,-13.198533,-8.267149,13.590591,65.625000
43,ntc,-0.236189,0.314682,-2.159513,2.373427,17.033298,61.458333
44,ntc,0.086571,0.184545,0.791530,1.391892,17.198757,58.680556
45,ntc,0.494676,0.221072,4.522906,1.667392,17.899194,56.597222
46,ntc,-0.022110,0.393309,-0.202156,2.966457,17.451116,59.722222
47,ntc,-0.330310,-0.796405,-3.020076,-6.006727,14.652109,59.722222
48,ntc,0.456290,0.616913,4.171933,4.652942,18.587097,57.291667
49,ntc,1.459019,0.692542,13.340060,5.223360,20.264057,50.000000
50,ntc,0.022777,0.131268,0.208251,0.990064,17.002919,59.027778
51,ntc,1.334060,1.687591,12.197536,12.728325,22.036516,52.777778
52,ntc,-0.479891,0.459232,-4.387726,3.463664,17.106427,62.500000
53,ntc,-0.201312,0.690235,-1.840634,5.205964,17.873132,62.152778
54,ntc,-0.206654,-0.474738,-1.889468,-3.580618,15.460930,59.375000
55,ntc,0.656936,-1.405683,6.006480,-10.602086,15.011247,52.083333
56,ntc,0.102862,-1.652424,0.940488,-12.463082,13.631765,53.125000
57,ntc,-0.935771,-0.427069,-8.555911,-3.221082,15.109216,64.583333
58,ntc,-0.684515,-0.987008,-6.258637,-7.444313,14.018696,62.847222
59,ntc,-0.549305,0.367226,-5.022391,2.769728,16.865520,64.583333
60,ntc,-0.619270,0.740180,-5.662090,5.582660,17.611040,64.583333
61,ntc,-0.379534,1.170664,-3.470139,8.829499,18.733178,63.541667
62,ntc,1.765113,-0.386586,16.138721,-2.915748,18.746008,47.916667
63,ntc,0.221338,0.147888,2.023726,1.115415,17.281835,57.291667
64,ntc,-1.176453,-1.301087,-10.756506,-9.813196,13.268912,64.236111
65,ntc,-1.073413,-0.395793,-9.814397,-2.985188,15.135542,64.583333
66,ntc,0.710821,-0.130352,6.499158,-0.983156,17.555934,53.125000
67,ntc,0.158731,-0.540829,1.451304,-4.079095,15.805006,56.597222
68,ntc,1.743400,-0.645626,15.940200,-4.869505,18.214274,47.916667
69,ntc,-0.869565,-2.062660,-7.950578,-15.557210,11.832893,61.805556
70,ntc,-0.411622,1.072182,-3.763531,8.086718,18.485291,63.541667
71,ntc,0.845476,-0.161735,7.730328,-1.219856,17.678548,52.777778
72,ntc,0.886412,-0.474531,8.104611,-3.579058,17.127852,51.736111
73,ntc,0.831909,0.472075,7.606287,3.560532,18.917175,53.125000
74,ntc,-0.505272,0.400716,-4.619783,3.022323,16.964751,62.847222
75,ntc,0.268495,-1.395969,2.454898,-10.528821,14.411961,53.125000
76,ntc,0.518162,0.850921,4.737641,6.417904,19.150835,57.291667
77,ntc,0.622872,-1.814944,5.695023,-13.688861,14.188449,51.041667
78,ntc,0.700726,0.009768,6.406853,0.073670,17.817752,53.125000
79,ntc,-1.779104,-0.870308,-16.266642,-6.564128,13.862439,65.972222
80,ntc,0.069709,2.186651,0.637364,16.492381,21.334904,62.847222
81,ntc,-0.981155,0.356665,-8.970861,2.690074,16.681504,64.930556
82,ntc,0.389930,-0.122366,3.565198,-0.922919,17.044276,56.250000
83,ntc,1.903815,1.436139,17.406898,10.831798,22.495671,49.305556
84,ntc,0.428374,1.298665,3.916696,9.794927,19.939710,57.638889
85,ntc,1.091892,0.361890,9.983349,2.729483,19.062422,52.430556
86,ntc,-0.424523,0.053825,-3.881489,0.405962,16.274333,62.152778
87,ntc,-0.067693,-0.294762,-0.618926,-2.223188,16.011261,59.027778
88,ntc,1.620783,1.583100,14.819090,11.940218,22.276266,51.388889
89,ntc,0.596966,-0.709376,5.458159,-5.350330,16.237529,52.777778
90,ntc,1.373417,0.551147,12.557380,4.156914,19.837953,50.347222
91,ntc,-0.910425,-0.374050,-8.324168,-2.821196,15.213955,64.583333
92,ntc,0.936719,2.106122,8.564582,15.885014,22.285870,56.944444
93,ntc,-0.782356,1.335692,-7.153213,10.074195,18.780858,64.583333
94,ntc,-0.591623,-1.183315,-5.409305,-8.924919,13.709611,61.458333
95,ntc,0.306574,1.162675,2.803057,8.769244,19.489523,59.027778
96,ntc,-1.239496,-0.089781,-11.332923,-0.677152,15.724292,65.972222
97,ntc,-0.335739,-0.643146,-3.069714,-4.850803,14.943276,59.722222
98,ntc,1.504212,-0.591016,13.753261,-4.457620,17.912686,48.958333
99,ntc,-1.291436,0.473556,-11.807814,3.571701,16.878421,65.972222
100,ntc,2.407292,-0.358616,22.010276,-2.704793,19.834212,47.222222
1,mnp,2.197113,-0.114972,20.088577,-0.867153,28.667775,65.277778
2,mnp,-1.736009,-0.193904,-15.872620,-1.462481,20.802147,75.347222
3,mnp,-0.264830,-1.496459,-2.421383,-11.286751,19.687504,71.875000
4,mnp,1.007578,-1.010333,9.212452,-7.620239,23.785927,66.666667
5,mnp,1.048992,1.827961,9.591113,13.787036,31.690594,71.527778
6,mnp,0.137185,0.765495,1.254307,5.773599,26.628624,72.222222
7,mnp,0.180876,-1.178794,1.653784,-8.890823,21.557083,70.833333
8,mnp,-0.726146,-0.936657,-6.639270,-7.064553,20.196211,72.569444
9,mnp,0.031736,0.328496,0.290167,2.477615,25.196604,72.222222
10,mnp,-0.146882,1.714839,-1.342964,12.933833,28.682948,72.916667
11,mnp,0.340603,0.364038,3.114187,2.745684,26.044573,71.180556
12,mnp,0.281521,-0.432807,2.573990,-3.264358,23.774075,71.180556
13,mnp,-1.104597,-0.833954,-10.099512,-6.289933,19.876848,72.569444
14,mnp,0.538449,-0.060128,4.923133,-0.453506,25.435427,70.833333
15,mnp,-0.668212,-0.770415,-6.109576,-5.810702,20.736459,72.569444
16,mnp,1.197022,-0.727034,10.944571,-5.483507,24.966014,67.013889
17,mnp,0.238674,0.350753,2.182239,2.645486,25.726811,71.527778
18,mnp,-2.083870,0.171015,-19.053177,1.289849,21.021546,75.347222
19,mnp,-0.569262,0.276542,-5.204858,2.085761,23.776548,72.569444
20,mnp,-1.368704,0.548568,-12.514294,4.137464,23.519038,74.652778
21,mnp,-0.826108,-2.747357,-7.553241,-20.721402,15.366333,73.263889
22,mnp,0.361224,0.113311,3.302732,0.854625,25.421923,71.180556
23,mnp,-2.034675,-0.688846,-18.603378,-5.195487,18.787530,75.347222
24,mnp,-0.450022,-1.526510,-4.114629,-11.513400,19.233624,72.916667
25,mnp,1.134207,1.735230,10.370242,13.087630,31.617206,70.833333
26,mnp,0.742427,1.239212,6.788137,9.346515,29.397240,71.180556
27,mnp,-1.609917,-0.611588,-14.719742,-4.612785,19.849737,75.000000
28,mnp,-1.502852,-0.664543,-13.740825,-5.012187,19.862518,73.958333
29,mnp,-0.041075,0.404953,-0.375554,3.054279,25.238706,72.222222
30,mnp,-2.420971,-1.215444,-22.135342,-9.167248,16.390734,75.347222
31,mnp,-1.136930,-0.693633,-10.395139,-5.231589,20.220498,72.569444
32,mnp,-1.005003,-0.270930,-9.188914,-2.043434,21.553600,72.569444
33,mnp,1.275404,1.810060,11.661228,13.652019,32.105935,70.486111
34,mnp,0.781727,0.758113,7.147457,5.717916,28.191459,70.833333
35,mnp,-0.089200,2.308047,-0.815569,17.407988,30.530489,73.263889
36,mnp,-0.744382,-1.086713,-6.806013,-8.196316,19.767782,72.916667
37,mnp,0.987486,-0.067784,9.028755,-0.511248,26.335831,69.097222
38,mnp,-0.121814,0.557868,-1.113767,4.207608,25.454523,72.916667
39,mnp,-0.297779,-0.250337,-2.722643,-1.888116,22.847283,72.569444
40,mnp,0.580996,0.974336,5.312140,7.348739,28.283353,71.180556
41,mnp,-0.158012,-0.715770,-1.444732,-5.398553,21.952196,71.875000
42,mnp,-1.443540,-1.096104,-13.198533,-8.267149,18.716448,73.611111
43,mnp,-0.236189,0.314682,-2.159513,2.373427,24.503122,72.916667
44,mnp,0.086571,0.184545,0.791530,1.391892,24.943403,71.875000
45,mnp,0.494676,0.221072,4.522906,1.667392,26.046887,71.180556
46,mnp,-0.022110,0.393309,-0.202156,2.966457,25.249482,72.222222
47,mnp,-0.330310,-0.796405,-3.020076,-6.006727,21.347343,72.222222
48,mnp,0.456290,0.616913,4.171933,4.652942,27.021654,70.833333
49,mnp,1.459019,0.692542,13.340060,5.223360,29.384155,66.666667
50,mnp,0.022777,0.131268,0.208251,0.990064,24.654274,71.875000
51,mnp,1.334060,1.687591,12.197536,12.728325,31.877111,70.138889
52,mnp,-0.479891,0.459232,-4.387726,3.463664,24.447188,72.569444
53,mnp,-0.201312,0.690235,-1.840634,5.205964,25.625824,72.569444
54,mnp,-0.206654,-0.474738,-1.889468,-3.580618,22.496165,72.222222
55,mnp,0.656936,-1.405683,6.006480,-10.602086,22.055411,68.402778
56,mnp,0.102862,-1.652424,0.940488,-12.463082,20.113032,70.833333
57,mnp,-0.935771,-0.427069,-8.555911,-3.221082,21.206274,72.569444
58,mnp,-0.684515,-0.987008,-6.258637,-7.444313,20.129537,72.916667
59,mnp,-0.549305,0.367226,-5.022391,2.769728,24.062967,72.569444
60,mnp,-0.619270,0.740180,-5.662090,5.582660,25.015140,72.569444
61,mnp,-0.379534,1.170664,-3.470139,8.829499,26.684948,72.569444
62,mnp,1.765113,-0.386586,16.138721,-2.915748,27.041582,66.666667
63,mnp,0.221338,0.147888,2.023726,1.115415,25.144016,71.180556
64,mnp,-1.176453,-1.301087,-10.756506,-9.813196,18.535346,72.916667
65,mnp,-1.073413,-0.395793,-9.814397,-2.985188,21.104114,72.569444
66,mnp,0.710821,-0.130352,6.499158,-0.983156,25.613673,70.486111
67,mnp,0.158731,-0.540829,1.451304,-4.079095,23.146631,71.180556
68,mnp,1.743400,-0.645626,15.940200,-4.869505,26.294290,66.666667
69,mnp,-0.869565,-2.062660,-7.950578,-15.557210,17.076285,73.263889
70,mnp,-0.411622,1.072182,-3.763531,8.086718,26.334459,72.569444
71,mnp,0.845476,-0.161735,7.730328,-1.219856,25.803633,70.138889
72,mnp,0.886412,-0.474531,8.104611,-3.579058,25.017672,69.097222
73,mnp,0.831909,0.472075,7.606287,3.560532,27.540299,70.486111
74,mnp,-0.505272,0.400716,-4.619783,3.022323,24.231185,72.569444
75,mnp,0.268495,-1.395969,2.454898,-10.528821,21.202760,70.486111
76,mnp,0.518162,0.850921,4.737641,6.417904,27.798035,70.833333
77,mnp,0.622872,-1.814944,5.695023,-13.688861,20.902432,68.055556
78,mnp,0.700726,0.009768,6.406853,0.073670,25.984168,70.486111
79,mnp,-1.779104,-0.870308,-16.266642,-6.564128,18.846073,75.000000
80,mnp,0.069709,2.186651,0.637364,16.492381,30.443027,72.916667
81,mnp,-0.981155,0.356665,-8.970861,2.690074,23.339143,72.916667
82,mnp,0.389930,-0.122366,3.565198,-0.922919,24.874065,71.180556
83,mnp,1.903815,1.436139,17.406898,10.831798,32.353454,66.319444
84,mnp,0.428374,1.298665,3.916696,9.794927,28.783103,71.875000
85,mnp,1.091892,0.361890,9.983349,2.729483,27.732310,69.444444
86,mnp,-0.424523,0.053825,-3.881489,0.405962,23.375104,72.569444
87,mnp,-0.067693,-0.294762,-0.618926,-2.223188,23.297760,71.875000
88,mnp,1.620783,1.583100,14.819090,11.940218,32.180758,67.361111
89,mnp,0.596966,-0.709376,5.458159,-5.350330,23.800926,70.138889
90,mnp,1.373417,0.551147,12.557380,4.156914,28.811047,67.013889
91,mnp,-0.910425,-0.374050,-8.324168,-2.821196,21.390819,72.569444
92,mnp,0.936719,2.106122,8.564582,15.885014,32.213827,71.527778
93,mnp,-0.782356,1.335692,-7.153213,10.074195,26.431633,72.569444
94,mnp,-0.591623,-1.183315,-5.409305,-8.924919,19.804861,73.263889
95,mnp,0.306574,1.162675,2.803057,8.769244,28.110353,71.875000
96,mnp,-1.239496,-0.089781,-11.332923,-0.677152,21.787978,73.958333
97,mnp,-0.335739,-0.643146,-3.069714,-4.850803,21.744203,72.222222
98,mnp,1.504212,-0.591016,13.753261,-4.457620,25.998502,67.013889
99,mnp,-1.291436,0.473556,-11.807814,3.571701,23.365054,75.000000
100,mnp,2.407292,-0.358616,22.010276,-2.704793,28.459659,65.277778
1,cnec,2.197113,-0.114972,20.088577,-0.867153,36.454945,88.194444
2,cnec,-1.736009,-0.193904,-15.872620,-1.462481,26.654248,89.583333
3,cnec,-0.264830,-1.496459,-2.421383,-11.286751,24.965836,87.152778
4,cnec,1.007578,-1.010333,9.212452,-7.620239,30.277920,88.541667
5,cnec,1.048992,1.827961,9.591113,13.787036,38.737636,88.888889
6,cnec,0.137185,0.765495,1.254307,5.773599,32.972964,87.847222
7,cnec,0.180876,-1.178794,1.653784,-8.890823,27.261189,88.888889
8,cnec,-0.726146,-0.936657,-6.639270,-7.064553,25.689629,86.805556
9,cnec,0.031736,0.328496,0.290167,2.477615,31.328402,87.847222
10,cnec,-0.146882,1.714839,-1.342964,12.933833,35.469025,87.500000
11,cnec,0.340603,0.364038,3.114187,2.745684,32.138602,87.500000
12,cnec,0.281521,-0.432807,2.573990,-3.264358,29.674564,88.888889
13,cnec,-1.104597,-0.833954,-10.099512,-6.289933,25.394199,87.500000
14,cnec,0.538449,-0.060128,4.923133,-0.453506,31.637577,88.888889
15,cnec,-0.668212,-0.770415,-6.109576,-5.810702,26.304109,86.805556
16,cnec,1.197022,-0.727034,10.944571,-5.483507,31.614652,88.194444
17,cnec,0.238674,0.350753,2.182239,2.645486,31.826405,87.152778
18,cnec,-2.083870,0.171015,-19.053177,1.289849,27.127034,90.625000
19,cnec,-0.569262,0.276542,-5.204858,2.085761,29.877678,87.152778
20,cnec,-1.368704,0.548568,-12.514294,4.137464,29.644057,88.888889
21,cnec,-0.826108,-2.747357,-7.553241,-20.721402,20.096670,88.194444
22,cnec,0.361224,0.113311,3.302732,0.854625,31.452152,88.194444
23,cnec,-2.034675,-0.688846,-18.603378,-5.195487,24.363449,89.583333
24,cnec,-0.450022,-1.526510,-4.114629,-11.513400,24.421859,87.847222
25,cnec,1.134207,1.735230,10.370242,13.087630,38.733612,88.888889
26,cnec,0.742427,1.239212,6.788137,9.346515,36.010755,88.888889
27,cnec,-1.609917,-0.611588,-14.719742,-4.612785,25.457375,88.541667
28,cnec,-1.502852,-0.664543,-13.740825,-5.012187,25.443389,88.194444
29,cnec,-0.041075,0.404953,-0.375554,3.054279,31.419813,88.541667
30,cnec,-2.420971,-1.215444,-22.135342,-9.167248,21.613997,90.277778
31,cnec,-1.136930,-0.693633,-10.395139,-5.231589,25.824333,87.847222
32,cnec,-1.005003,-0.270930,-9.188914,-2.043434,27.395589,87.847222
33,cnec,1.275404,1.810060,11.661228,13.652019,39.355180,88.888889
34,cnec,0.781727,0.758113,7.147457,5.717916,34.770739,88.888889
35,cnec,-0.089200,2.308047,-0.815569,17.407988,37.623181,87.847222
36,cnec,-0.744382,-1.086713,-6.806013,-8.196316,25.174543,86.805556
37,cnec,0.987486,-0.067784,9.028755,-0.511248,32.953486,88.888889
38,cnec,-0.121814,0.557868,-1.113767,4.207608,31.746187,87.847222
39,cnec,-0.297779,-0.250337,-2.722643,-1.888116,28.736580,88.194444
40,cnec,0.580996,0.974336,5.312140,7.348739,34.683174,88.541667
41,cnec,-0.158012,-0.715770,-1.444732,-5.398553,27.529522,87.500000
42,cnec,-1.443540,-1.096104,-13.198533,-8.267149,24.121794,88.194444
43,cnec,-0.236189,0.314682,-2.159513,2.373427,30.697925,86.805556
44,cnec,0.086571,0.184545,0.791530,1.391892,30.913609,87.500000
45,cnec,0.494676,0.221072,4.522906,1.667392,32.269456,88.541667
46,cnec,-0.022110,0.393309,-0.202156,2.966457,31.415413,88.194444
47,cnec,-0.330310,-0.796405,-3.020076,-6.006727,26.932502,88.194444
48,cnec,0.456290,0.616913,4.171933,4.652942,33.232249,88.194444
49,cnec,1.459019,0.692542,13.340060,5.223360,36.350370,88.541667
50,cnec,0.022777,0.131268,0.208251,0.990064,30.651565,87.847222
51,cnec,1.334060,1.687591,12.197536,12.728325,39.126158,88.888889
52,cnec,-0.479891,0.459232,-4.387726,3.463664,30.624400,87.152778
53,cnec,-0.201312,0.690235,-1.840634,5.205964,31.967725,86.805556
54,cnec,-0.206654,-0.474738,-1.889468,-3.580618,28.206069,87.847222
55,cnec,0.656936,-1.405683,6.006480,-10.602086,28.164571,88.888889
56,cnec,0.102862,-1.652424,0.940488,-12.463082,25.732160,88.888889
57,cnec,-0.935771,-0.427069,-8.555911,-3.221082,26.953668,87.500000
58,cnec,-0.684515,-0.987008,-6.258637,-7.444313,25.577743,86.805556
59,cnec,-0.549305,0.367226,-5.022391,2.769728,30.219106,87.152778
60,cnec,-0.619270,0.740180,-5.662090,5.582660,31.455140,87.847222
61,cnec,-0.379534,1.170664,-3.470139,8.829499,33.248477,87.847222
62,cnec,1.765113,-0.386586,16.138721,-2.915748,34.326434,88.194444
63,cnec,0.221338,0.147888,2.023726,1.115415,31.163115,87.500000
64,cnec,-1.176453,-1.301087,-10.756506,-9.813196,23.819553,87.152778
65,cnec,-1.073413,-0.395793,-9.814397,-2.985188,26.903397,87.847222
66,cnec,0.710821,-0.130352,6.499158,-0.983156,31.994856,88.888889
67,cnec,0.158731,-0.540829,1.451304,-4.079095,28.912975,88.194444
68,cnec,1.743400,-0.645626,15.940200,-4.869505,33.570802,87.847222
69,cnec,-0.869565,-2.062660,-7.950578,-15.557210,22.023446,86.805556
70,cnec,-0.411622,1.072182,-3.763531,8.086718,32.861342,87.500000
71,cnec,0.845476,-0.161735,7.730328,-1.219856,32.246564,88.888889
72,cnec,0.886412,-0.474531,8.104611,-3.579058,31.472501,88.888889
73,cnec,0.831909,0.472075,7.606287,3.560532,34.130578,88.888889
74,cnec,-0.505272,0.400716,-4.619783,3.022323,30.391367,87.152778
75,cnec,0.268495,-1.395969,2.454898,-10.528821,27.016902,88.888889
76,cnec,0.518162,0.850921,4.737641,6.417904,34.113329,87.847222
77,cnec,0.622872,-1.814944,5.695023,-13.688861,26.937679,88.888889
78,cnec,0.700726,0.009768,6.406853,0.073670,32.390563,88.888889
79,cnec,-1.779104,-0.870308,-16.266642,-6.564128,24.382231,88.541667
80,cnec,0.069709,2.186651,0.637364,16.492381,37.537470,87.500000
81,cnec,-0.981155,0.356665,-8.970861,2.690074,29.604605,88.194444
82,cnec,0.389930,-0.122366,3.565198,-0.922919,30.936116,88.541667
83,cnec,1.903815,1.436139,17.406898,10.831798,39.793137,88.194444
84,cnec,0.428374,1.298665,3.916696,9.794927,35.322779,87.500000
85,cnec,1.091892,0.361890,9.983349,2.729483,34.528355,88.888889
86,cnec,-0.424523,0.053825,-3.881489,0.405962,29.408526,86.805556
87,cnec,-0.067693,-0.294762,-0.618926,-2.223188,29.061968,87.500000
88,cnec,1.620783,1.583100,14.819090,11.940218,39.377536,88.541667
89,cnec,0.596966,-0.709376,5.458159,-5.350330,29.941075,88.888889
90,cnec,1.373417,0.551147,12.557380,4.156914,35.725531,88.541667
91,cnec,-0.910425,-0.374050,-8.324168,-2.821196,27.159615,87.500000
92,cnec,0.936719,2.106122,8.564582,15.885014,39.203375,88.541667
93,cnec,-0.782356,1.335692,-7.153213,10.074195,33.215311,88.541667
94,cnec,-0.591623,-1.183315,-5.409305,-8.924919,25.145028,87.847222
95,cnec,0.306574,1.162675,2.803057,8.769244,34.632015,87.847222
96,cnec,-1.239496,-0.089781,-11.332923,-0.677152,27.736799,88.194444
97,cnec,-0.335739,-0.643146,-3.069714,-4.850803,27.397138,88.541667
98,cnec,1.504212,-0.591016,13.753261,-4.457620,32.950130,88.194444
99,cnec,-1.291436,0.473556,-11.807814,3.571701,29.546675,88.541667
100,cnec,2.407292,-0.358616,22.010276,-2.704793,36.565005,88.194444
